key	domain	gene	input_variant	source	source_id	normalised_name	classification	review_status	disease_context	evidence_tier	assertion_type	therapies	citation_id	last_evaluated	grch38	source_url	retrieved_at
BRCA1-c.68_69del	germline	BRCA1	NM_007294.4:c.68_69del	ClinVar	VCV000017662.186	NM_007294.4(BRCA1):c.68_69del (p.Glu23fs)	Pathogenic	reviewed by expert panel	BRCA1-related cancer predisposition		germline classification			2024-06-11	17:43124028:43124029	https://www.ncbi.nlm.nih.gov/clinvar/variation/17662/	2026-08-12
BRCA2-c.5946del	germline	BRCA2	NM_000059.4:c.5946del	ClinVar	VCV000009325.168	NM_000059.4(BRCA2):c.5946del (p.Ser1982fs)	Pathogenic	reviewed by expert panel	BRCA2-related cancer predisposition		germline classification			2024-06-11	13:32340301:32340301	https://www.ncbi.nlm.nih.gov/clinvar/variation/9325/	2026-08-12
TP53-p.Arg273His	germline	TP53	NM_000546.6:c.818G>A	ClinVar	VCV000012366.80	NM_000546.6(TP53):c.818G>A (p.Arg273His)	Pathogenic	reviewed by expert panel	Li-Fraumeni syndrome		germline classification			2024-08-05	17:7673802:7673802	https://www.ncbi.nlm.nih.gov/clinvar/variation/12366/	2026-08-12
MLH1-p.Lys618del	germline	MLH1	NM_000249.4:c.1852_1854del	ClinVar	VCV000017080.68	NM_000249.4(MLH1):c.1846AAG[2] (p.Lys618del)	Pathogenic	reviewed by expert panel	Lynch syndrome		germline classification			2013-09-05	3:37047632:37047634	https://www.ncbi.nlm.nih.gov/clinvar/variation/17080/	2026-08-12
MUTYH-p.Gly396Asp	germline	MUTYH	NM_001128425.2:c.1187G>A	ClinVar	VCV000005294.153	NM_001048174.2(MUTYH):c.1103G>A (p.Gly368Asp)	Pathogenic/Likely pathogenic	criteria provided, multiple submitters, no conflicts	Classic or attenuated familial adenomatous polyposis; Pleomorphic xanthoastrocytoma BRAF mutant; Inherited polyposis and early onset colorectal cancer - germline testing; Gastric cancer; Familial adenomatous polyposis 2; Diffuse midline glioma, H3 K27-altered; Infant-type hemispheric glioma; Ependymoma; Hereditary cancer-predisposing syndrome; Pilomatrixoma; Neoplasm of stomach; Familial adenomatous polyposis 2; not provided; Pilocytic astrocytoma; Familial colorectal cancer; Familial adenomatous polyposis 2; Colorectal adenomatous polyposis, autosomal recessive, with pilomatricomas; Ovarian carcinoma		germline classification			2026-06-01	1:45331556:45331556	https://www.ncbi.nlm.nih.gov/clinvar/variation/5294/	2026-08-12
BRAF-V600E	somatic	BRAF	p.Val600Glu	CIViC	CIViC EID1409	BRAF V600E	SENSITIVITYRESPONSE	ACCEPTED	Skin Melanoma	A	PREDICTIVE	Vemurafenib	21639808			https://civicdb.org/evidence/1409/summary	2026-08-12
BRAF-V600E	somatic	BRAF	p.Val600Glu	CIViC	CIViC EID9851	BRAF V600E	SENSITIVITYRESPONSE	ACCEPTED	Colorectal Cancer	A	PREDICTIVE	Encorafenib; Cetuximab	31566309			https://civicdb.org/evidence/9851/summary	2026-08-12
BRAF-V600E	somatic	BRAF	p.Val600Glu	CIViC	CIViC EID12016	BRAF V600E OR KIAA1549::BRAF Fusion	SENSITIVITYRESPONSE	ACCEPTED	Childhood Low-grade Glioma	A	PREDICTIVE	Tovorafenib	37978284	2024-09-06		https://civicdb.org/evidence/12016/summary	2026-08-12
BRAF-V600E	somatic	BRAF	p.Val600Glu	CIViC	CIViC EID3017	BRAF V600E	SENSITIVITYRESPONSE	ACCEPTED	Lung Non-small Cell Carcinoma	A	PREDICTIVE	Dabrafenib; Trametinib	27283860	2017-09-05		https://civicdb.org/evidence/3017/summary	2026-08-12
BRAF-V600E	somatic	BRAF	p.Val600Glu	CIViC	CIViC EID12161	BRAF V600E	SENSITIVITYRESPONSE	ACCEPTED	Solid Tumor	A	PREDICTIVE	Dabrafenib; Trametinib	37059834	2025-01-24		https://civicdb.org/evidence/12161/summary	2026-08-12
BRAF-V600E	somatic	BRAF	p.Val600Glu	CIViC	CIViC EID12162	BRAF V600E	SENSITIVITYRESPONSE	ACCEPTED	Low Grade Glioma	A	PREDICTIVE	Trametinib; Dabrafenib	36375115	2025-01-13		https://civicdb.org/evidence/12162/summary	2026-08-12
BRAF-V600E	somatic	BRAF	p.Val600Glu	CIViC	CIViC EID80	BRAF V600E	POSITIVE	ACCEPTED	Papillary Thyroid Carcinoma	B	DIAGNOSTIC		24570209	2018-10-24		https://civicdb.org/evidence/80/summary	2026-08-12
BRAF-V600E	somatic	BRAF	p.Val600Glu	CIViC	CIViC EID95	BRAF V600E	SENSITIVITYRESPONSE	ACCEPTED	Melanoma	B	PREDICTIVE	Dabrafenib; Trametinib	24583796	2016-02-18		https://civicdb.org/evidence/95/summary	2026-08-12
BRAF-V600E	somatic	BRAF	p.Val600Glu	CIViC	CIViC EID102	BRAF V600E	POOR_OUTCOME	ACCEPTED	Papillary Thyroid Carcinoma	B	PROGNOSTIC		24354346	2018-10-24		https://civicdb.org/evidence/102/summary	2026-08-12
BRAF-V600E	somatic	BRAF	p.Val600Glu	CIViC	CIViC EID103	BRAF V600E	POOR_OUTCOME	ACCEPTED	Colorectal Cancer	B	PROGNOSTIC		24594804	2018-07-17		https://civicdb.org/evidence/103/summary	2026-08-12
BRAF-V600E	somatic	BRAF	p.Val600Glu	CIViC	CIViC EID656	BRAF V600E	POOR_OUTCOME	ACCEPTED	Papillary Thyroid Carcinoma	B	PROGNOSTIC		25024077	2018-10-24		https://civicdb.org/evidence/656/summary	2026-08-12
BRAF-V600E	somatic	BRAF	p.Val600Glu	CIViC	CIViC EID1398	BRAF V600E	SENSITIVITYRESPONSE	ACCEPTED	Melanoma	B	PREDICTIVE	Vemurafenib	24508103			https://civicdb.org/evidence/1398/summary	2026-08-12
BRAF-V600E	somatic	BRAF	p.Val600Glu	CIViC	CIViC EID6178	BRAF V600E	SENSITIVITYRESPONSE	ACCEPTED	Melanoma	B	PREDICTIVE	Dabrafenib; Trametinib	28891408			https://civicdb.org/evidence/6178/summary	2026-08-12
BRAF-V600E	somatic	BRAF	p.Val600Glu	CIViC	CIViC EID6938	BRAF V600E	SENSITIVITYRESPONSE	ACCEPTED	Melanoma	B	PREDICTIVE	Dabrafenib; Trametinib	25265492	2018-11-08		https://civicdb.org/evidence/6938/summary	2026-08-12
BRAF-V600E	somatic	BRAF	p.Val600Glu	CIViC	CIViC EID7612	BRAF V600E	SENSITIVITYRESPONSE	ACCEPTED	Colorectal Cancer	B	PREDICTIVE	Encorafenib; Binimetinib; Cetuximab	31566309	2022-02-11		https://civicdb.org/evidence/7612/summary	2026-08-12
BRAF-V600E	somatic	BRAF	p.Val600Glu	CIViC	CIViC EID816	BRAF V600E	RESISTANCE	ACCEPTED	Colorectal Cancer	B	PREDICTIVE	Cetuximab; Panitumumab	25989278	2016-01-29		https://civicdb.org/evidence/816/summary	2026-08-12
BRAF-V600E	somatic	BRAF	p.Val600Glu	CIViC	CIViC EID1127	BRAF V600E	POSITIVE	ACCEPTED	Hairy Cell Leukemia	B	DIAGNOSTIC		21663470			https://civicdb.org/evidence/1127/summary	2026-08-12
BRAF-V600E	somatic	BRAF	p.Val600Glu	CIViC	CIViC EID1405	BRAF V600E	SENSITIVITYRESPONSE	ACCEPTED	Colorectal Cancer	B	PREDICTIVE	Vemurafenib	26460303	2016-06-27		https://civicdb.org/evidence/1405/summary	2026-08-12
BRAF-V600E	somatic	BRAF	p.Val600Glu	CIViC	CIViC EID1421	BRAF V600E	SENSITIVITYRESPONSE	ACCEPTED	Melanoma	B	PREDICTIVE	Vemurafenib; Cobimetinib	25265494	2018-11-08		https://civicdb.org/evidence/1421/summary	2026-08-12
BRAF-V600E	somatic	BRAF	p.Val600Glu	CIViC	CIViC EID1749	BRAF V600E	SENSITIVITYRESPONSE	ACCEPTED	Melanoma	B	PREDICTIVE	Vemurafenib	20818844	2020-08-12		https://civicdb.org/evidence/1749/summary	2026-08-12
BRAF-V600E	somatic	BRAF	p.Val600Glu	CIViC	CIViC EID1902	BRAF V600E	SENSITIVITYRESPONSE	ACCEPTED	Colorectal Cancer	B	PREDICTIVE	Vemurafenib; Cetuximab; Irinotecan	27729313			https://civicdb.org/evidence/1902/summary	2026-08-12
BRAF-V600E	somatic	BRAF	p.Val600Glu	CIViC	CIViC EID2135	BRAF V600E	SENSITIVITYRESPONSE	ACCEPTED	Melanoma	B	PREDICTIVE	Trametinib	22663011	2020-10-29		https://civicdb.org/evidence/2135/summary	2026-08-12
BRAF-V600E	somatic	BRAF	p.Val600Glu	CIViC	CIViC EID2137	BRAF V600E	POOR_OUTCOME	ACCEPTED	Papillary Thyroid Carcinoma	B	PROGNOSTIC		18682506	2019-02-09		https://civicdb.org/evidence/2137/summary	2026-08-12
BRAF-V600E	somatic	BRAF	p.Val600Glu	CIViC	CIViC EID3739	BRAF V600E	RESISTANCE	ACCEPTED	Colorectal Cancer	B	PREDICTIVE	Cetuximab; FOLFOX-4 Regimen	25666295	2020-11-20		https://civicdb.org/evidence/3739/summary	2026-08-12
BRAF-V600E	somatic	BRAF	p.Val600Glu	CIViC	CIViC EID3750	BRAF V600E	SENSITIVITYRESPONSE	ACCEPTED	Melanoma	B	PREDICTIVE	Vemurafenib	23569304	2020-10-29		https://civicdb.org/evidence/3750/summary	2026-08-12
BRAF-V600E	somatic	BRAF	p.Val600Glu	CIViC	CIViC EID3758	BRAF V600E	SENSITIVITYRESPONSE	ACCEPTED	Skin Melanoma	B	PREDICTIVE	Dabrafenib; Trametinib	25399551	2018-11-08		https://civicdb.org/evidence/3758/summary	2026-08-12
BRAF-V600E	somatic	BRAF	p.Val600Glu	CIViC	CIViC EID5958	BRAF V600E	SENSITIVITYRESPONSE	ACCEPTED	Lung Non-small Cell Carcinoma	B	PREDICTIVE	Vemurafenib	29320312			https://civicdb.org/evidence/5958/summary	2026-08-12
BRAF-V600E	somatic	BRAF	p.Val600Glu	CIViC	CIViC EID6123	BRAF V600E	SENSITIVITYRESPONSE	ACCEPTED	Colorectal Cancer	B	PREDICTIVE	Dabrafenib; Panitumumab; Trametinib	29431699			https://civicdb.org/evidence/6123/summary	2026-08-12
BRAF-V600E	somatic	BRAF	p.Val600Glu	CIViC	CIViC EID6940	BRAF V600E	SENSITIVITYRESPONSE	ACCEPTED	Melanoma	B	PREDICTIVE	Dabrafenib; Trametinib	23020132	2018-11-08		https://civicdb.org/evidence/6940/summary	2026-08-12
BRAF-V600E	somatic	BRAF	p.Val600Glu	CIViC	CIViC EID6975	BRAF V600E	SENSITIVITYRESPONSE	ACCEPTED	Anaplastic Thyroid Carcinoma	B	PREDICTIVE	Dabrafenib; Trametinib	29072975	2020-12-11		https://civicdb.org/evidence/6975/summary	2026-08-12
BRAF-V600E	somatic	BRAF	p.Val600Glu	CIViC	CIViC EID7156	BRAF V600E	POOR_OUTCOME	ACCEPTED	Colorectal Cancer	B	PROGNOSTIC		20008640	2026-05-15		https://civicdb.org/evidence/7156/summary	2026-08-12
BRAF-V600E	somatic	BRAF	p.Val600Glu	CIViC	CIViC EID7157	BRAF V600E	POOR_OUTCOME	ACCEPTED	Colorectal Cancer	B	PROGNOSTIC		21502544	2019-02-28		https://civicdb.org/evidence/7157/summary	2026-08-12
BRAF-V600E	somatic	BRAF	p.Val600Glu	CIViC	CIViC EID7191	BRAF V600E	POOR_OUTCOME	ACCEPTED	Childhood Low-grade Glioma	B	PROGNOSTIC		29948154	2022-04-08		https://civicdb.org/evidence/7191/summary	2026-08-12
BRAF-V600E	somatic	BRAF	p.Val600Glu	CIViC	CIViC EID7583	BRAF V600E	SENSITIVITYRESPONSE	ACCEPTED	Langerhans Cell Sarcoma	B	PREDICTIVE	Vemurafenib	31513482	2022-12-09		https://civicdb.org/evidence/7583/summary	2026-08-12
BRAF-V600E	somatic	BRAF	p.Val600Glu	CIViC	CIViC EID9018	BRAF V600E	SENSITIVITYRESPONSE	ACCEPTED	Papillary Thyroid Carcinoma	B	PREDICTIVE	Vemurafenib	27460442	2021-01-26		https://civicdb.org/evidence/9018/summary	2026-08-12
BRAF-V600E	somatic	BRAF	p.Val600Glu	CIViC	CIViC EID9170	BRAF V600E	POOR_OUTCOME	ACCEPTED	Papillary Thyroid Carcinoma	B	PROGNOSTIC		16174717	2021-03-23		https://civicdb.org/evidence/9170/summary	2026-08-12
BRAF-V600E	somatic	BRAF	p.Val600Glu	CIViC	CIViC EID79	BRAF V600E	POSITIVE	ACCEPTED	Thyroid Cancer	B	DIAGNOSTIC		21594703			https://civicdb.org/evidence/79/summary	2026-08-12
BRAF-V600E	somatic	BRAF	p.Val600Glu	CIViC	CIViC EID93	BRAF V600E OR BRAF V600K	SENSITIVITYRESPONSE	ACCEPTED	Melanoma	B	PREDICTIVE	Dabrafenib; Trametinib	23020132	2026-07-10		https://civicdb.org/evidence/93/summary	2026-08-12
BRAF-V600E	somatic	BRAF	p.Val600Glu	CIViC	CIViC EID104	BRAF V600E	POOR_OUTCOME	ACCEPTED	Melanoma	B	PROGNOSTIC		24388723			https://civicdb.org/evidence/104/summary	2026-08-12
BRAF-V600E	somatic	BRAF	p.Val600Glu	CIViC	CIViC EID105	BRAF V600E	POOR_OUTCOME	ACCEPTED	Papillary Thyroid Carcinoma	B	PROGNOSTIC		21594703	2018-10-24		https://civicdb.org/evidence/105/summary	2026-08-12
BRAF-V600E	somatic	BRAF	p.Val600Glu	CIViC	CIViC EID106	BRAF V600E	POOR_OUTCOME	ACCEPTED	Papillary Thyroid Carcinoma	B	PROGNOSTIC		24396464	2018-10-24		https://civicdb.org/evidence/106/summary	2026-08-12
BRAF-V600E	somatic	BRAF	p.Val600Glu	CIViC	CIViC EID107	BRAF V600E	POOR_OUTCOME	ACCEPTED	Papillary Thyroid Carcinoma	B	PROGNOSTIC		21594703	2018-10-24		https://civicdb.org/evidence/107/summary	2026-08-12
BRAF-V600E	somatic	BRAF	p.Val600Glu	CIViC	CIViC EID126	BRAF V600E	RESISTANCE	ACCEPTED	Colorectal Cancer	B	PREDICTIVE	Cetuximab	20619739	2020-11-13		https://civicdb.org/evidence/126/summary	2026-08-12
BRAF-V600E	somatic	BRAF	p.Val600Glu	CIViC	CIViC EID463	BRAF V600E	POOR_OUTCOME	ACCEPTED	Multiple Myeloma	B	PROGNOSTIC		23612012	2020-04-08		https://civicdb.org/evidence/463/summary	2026-08-12
BRAF-V600E	somatic	BRAF	p.Val600Glu	CIViC	CIViC EID1406	BRAF V600E	REDUCED_SENSITIVITY	ACCEPTED	Colorectal Cancer	B	PREDICTIVE	Dabrafenib	22608338	2025-12-17		https://civicdb.org/evidence/1406/summary	2026-08-12
BRAF-V600E	somatic	BRAF	p.Val600Glu	CIViC	CIViC EID1410	BRAF V600E OR BRAF V600K	SENSITIVITYRESPONSE	ACCEPTED	Melanoma	B	PREDICTIVE	Vemurafenib	22356324	2026-07-08		https://civicdb.org/evidence/1410/summary	2026-08-12
BRAF-V600E	somatic	BRAF	p.Val600Glu	CIViC	CIViC EID1413	BRAF V600E	SENSITIVITYRESPONSE	ACCEPTED	Colorectal Cancer	B	PREDICTIVE	Vemurafenib; Panitumumab	25589621	2016-06-28		https://civicdb.org/evidence/1413/summary	2026-08-12
BRAF-V600E	somatic	BRAF	p.Val600Glu	CIViC	CIViC EID1552	BRAF V600E	POOR_OUTCOME	ACCEPTED	Colorectal Cancer	B	PROGNOSTIC		27404270	2016-07-19		https://civicdb.org/evidence/1552/summary	2026-08-12
BRAF-V600E	somatic	BRAF	p.Val600Glu	CIViC	CIViC EID1591	BRAF V600E	SENSITIVITYRESPONSE	ACCEPTED	Papillary Thyroid Carcinoma	B	PREDICTIVE	Vemurafenib	27460442	2016-08-16		https://civicdb.org/evidence/1591/summary	2026-08-12
BRAF-V600E	somatic	BRAF	p.Val600Glu	CIViC	CIViC EID2115	BRAF V600E	RESISTANCE	ACCEPTED	Colorectal Cancer	B	PREDICTIVE	Panitumumab; Cetuximab	19001320	2017-05-12		https://civicdb.org/evidence/2115/summary	2026-08-12
BRAF-V600E	somatic	BRAF	p.Val600Glu	CIViC	CIViC EID2116	BRAF V600E	POOR_OUTCOME	ACCEPTED	Colorectal Cancer	B	PROGNOSTIC		19603024	2023-12-03		https://civicdb.org/evidence/2116/summary	2026-08-12
BRAF-V600E	somatic	BRAF	p.Val600Glu	CIViC	CIViC EID2117	BRAF V600E	RESISTANCE	ACCEPTED	Colorectal Cancer	B	PREDICTIVE	Oxaliplatin	19603024	2018-07-19		https://civicdb.org/evidence/2117/summary	2026-08-12
BRAF-V600E	somatic	BRAF	p.Val600Glu	CIViC	CIViC EID2118	BRAF V600E	RESISTANCE	ACCEPTED	Colorectal Cancer	B	PREDICTIVE	Irinotecan	19603024	2018-07-19		https://civicdb.org/evidence/2118/summary	2026-08-12
BRAF-V600E	somatic	BRAF	p.Val600Glu	CIViC	CIViC EID2121	BRAF V600E	RESISTANCE	ACCEPTED	Colorectal Cancer	B	PREDICTIVE	Bevacizumab; Capecitabine; Oxaliplatin	19571295	2020-10-29		https://civicdb.org/evidence/2121/summary	2026-08-12
BRAF-V600E	somatic	BRAF	p.Val600Glu	CIViC	CIViC EID2503	BRAF V600E	POOR_OUTCOME	ACCEPTED	Papillary Thyroid Carcinoma	B	PROGNOSTIC		21882184	2018-10-24		https://civicdb.org/evidence/2503/summary	2026-08-12
BRAF-V600E	somatic	BRAF	p.Val600Glu	CIViC	CIViC EID3755	BRAF V600E	SENSITIVITYRESPONSE	ACCEPTED	Melanoma	B	PREDICTIVE	Vemurafenib	26557775	2020-10-29		https://civicdb.org/evidence/3755/summary	2026-08-12
BRAF-V600E	somatic	BRAF	p.Val600Glu	CIViC	CIViC EID3757	BRAF V600E	SENSITIVITYRESPONSE	ACCEPTED	Melanoma	B	PREDICTIVE	Vemurafenib	25524477	2020-10-29		https://civicdb.org/evidence/3757/summary	2026-08-12
BRAF-V600E	somatic	BRAF	p.Val600Glu	CIViC	CIViC EID5959	BRAF V600E	SENSITIVITYRESPONSE	ACCEPTED	Ovarian Cancer	B	PREDICTIVE	Vemurafenib	29320312			https://civicdb.org/evidence/5959/summary	2026-08-12
BRAF-V600E	somatic	BRAF	p.Val600Glu	CIViC	CIViC EID6045	BRAF V600E	SENSITIVITYRESPONSE	ACCEPTED	Anaplastic Thyroid Carcinoma	B	PREDICTIVE	Vemurafenib	26287849	2020-12-11		https://civicdb.org/evidence/6045/summary	2026-08-12
BRAF-V600E	somatic	BRAF	p.Val600Glu	CIViC	CIViC EID6124	BRAF V600E	SENSITIVITYRESPONSE	ACCEPTED	Colorectal Cancer	B	PREDICTIVE	Trametinib; Panitumumab	29431699	2026-07-29		https://civicdb.org/evidence/6124/summary	2026-08-12
BRAF-V600E	somatic	BRAF	p.Val600Glu	CIViC	CIViC EID7260	BRAF V600E	SENSITIVITYRESPONSE	ACCEPTED	Colorectal Cancer	B	PREDICTIVE	Binimetinib; Cetuximab; Encorafenib	168986	2021-03-04		https://civicdb.org/evidence/7260/summary	2026-08-12
BRAF-V600E	somatic	BRAF	p.Val600Glu	CIViC	CIViC EID7264	BRAF V600E	SENSITIVITYRESPONSE	ACCEPTED	Biliary Tract Cancer	B	PREDICTIVE	Dabrafenib; Trametinib	169315	2021-11-19		https://civicdb.org/evidence/7264/summary	2026-08-12
BRAF-V600E	somatic	BRAF	p.Val600Glu	CIViC	CIViC EID11670	BRAF V600E OR BRAF K601E	SENSITIVITYRESPONSE	ACCEPTED	Colorectal Cancer	B	PREDICTIVE	Cobimetinib; Vemurafenib	36409971			https://civicdb.org/evidence/11670/summary	2026-08-12
BRAF-V600E	somatic	BRAF	p.Val600Glu	CIViC	CIViC EID11672	BRAF V600E	SENSITIVITYRESPONSE	ACCEPTED	Cancer	B	PREDICTIVE	Dabrafenib; Trametinib	32758030	2024-01-22		https://civicdb.org/evidence/11672/summary	2026-08-12
BRAF-V600E	somatic	BRAF	p.Val600Glu	CIViC	CIViC EID11681	BRAF V600E OR NRAS Mutation OR HRAS Mutation OR KRAS Mutation OR NF1 Mutation	SENSITIVITYRESPONSE	ACCEPTED	Cancer	B	PREDICTIVE	Selumetinib	35363510			https://civicdb.org/evidence/11681/summary	2026-08-12
BRAF-V600E	somatic	BRAF	p.Val600Glu	CIViC	CIViC EID11696	BRAF V600E OR NRAS Mutation OR HRAS Mutation OR KRAS Mutation OR NF1 Inactivating Mutation	SENSITIVITYRESPONSE	ACCEPTED	Cancer	B	PREDICTIVE	Selumetinib	35363510	2024-02-01		https://civicdb.org/evidence/11696/summary	2026-08-12
BRAF-V600E	somatic	BRAF	p.Val600Glu	CIViC	CIViC EID11770	BRAF V600E	SENSITIVITYRESPONSE	ACCEPTED	Low Grade Glioma	B	PREDICTIVE	Vemurafenib	32523649	2024-03-25		https://civicdb.org/evidence/11770/summary	2026-08-12
BRAF-V600E	somatic	BRAF	p.Val600Glu	CIViC	CIViC EID82	BRAF V600E	POOR_OUTCOME	ACCEPTED	Melanoma	B	PROGNOSTIC		24586605	2019-03-22		https://civicdb.org/evidence/82/summary	2026-08-12
BRAF-V600E	somatic	BRAF	p.Val600Glu	CIViC	CIViC EID994	BRAF V600E	RESISTANCE	ACCEPTED	Melanoma	B	PREDICTIVE	MEK Inhibitor RO4987655	24947927	2020-09-24		https://civicdb.org/evidence/994/summary	2026-08-12
BRAF-V600E	somatic	BRAF	p.Val600Glu	CIViC	CIViC EID1579	BRAF V600E	SENSITIVITYRESPONSE	ACCEPTED	Hairy Cell Leukemia	B	PREDICTIVE	Vemurafenib	26352686			https://civicdb.org/evidence/1579/summary	2026-08-12
BRAF-V600E	somatic	BRAF	p.Val600Glu	CIViC	CIViC EID1940	BRAF V600E AND MSI High	POOR_OUTCOME	ACCEPTED	Colorectal Adenocarcinoma	B	PROGNOSTIC		27302369	2026-07-23		https://civicdb.org/evidence/1940/summary	2026-08-12
BRAF-V600E	somatic	BRAF	p.Val600Glu	CIViC	CIViC EID6262	BRAF Amplification AND ( BRAF V600E OR BRAF V600K )	RESISTANCE	ACCEPTED	Melanoma	B	PREDICTIVE	Vemurafenib; Dabrafenib	24265155	2023-01-12		https://civicdb.org/evidence/6262/summary	2026-08-12
BRAF-V600E	somatic	BRAF	p.Val600Glu	CIViC	CIViC EID6264	BRAF V600E AND KRAS Mutation	RESISTANCE	ACCEPTED	Melanoma	B	PREDICTIVE	Vemurafenib; Dabrafenib	24265155	2026-07-09		https://civicdb.org/evidence/6264/summary	2026-08-12
BRAF-V600E	somatic	BRAF	p.Val600Glu	CIViC	CIViC EID1414	BRAF V600E	SENSITIVITYRESPONSE	ACCEPTED	Papillary Thyroid Carcinoma	C	PREDICTIVE	Vemurafenib	24987354	2016-06-28		https://civicdb.org/evidence/1414/summary	2026-08-12
BRAF-V600E	somatic	BRAF	p.Val600Glu	CIViC	CIViC EID1430	BRAF V600E	SENSITIVITYRESPONSE	ACCEPTED	Gastrointestinal Neuroendocrine Tumor	C	PREDICTIVE	Dabrafenib; Trametinib; Vemurafenib	27048246	2016-07-01		https://civicdb.org/evidence/1430/summary	2026-08-12
BRAF-V600E	somatic	BRAF	p.Val600Glu	CIViC	CIViC EID1698	BRAF V600E	SENSITIVITYRESPONSE	ACCEPTED	Multiple Myeloma	C	PREDICTIVE	Vemurafenib	24997557			https://civicdb.org/evidence/1698/summary	2026-08-12
BRAF-V600E	somatic	BRAF	p.Val600Glu	CIViC	CIViC EID3777	BRAF V600E	SENSITIVITYRESPONSE	ACCEPTED	Childhood Pilocytic Astrocytoma	C	PREDICTIVE	Vemurafenib	25524464	2020-10-30		https://civicdb.org/evidence/3777/summary	2026-08-12
BRAF-V600E	somatic	BRAF	p.Val600Glu	CIViC	CIViC EID3787	BRAF V600E	SENSITIVITYRESPONSE	ACCEPTED	Ovarian Serous Carcinoma	C	PREDICTIVE	Vemurafenib	26490654	2020-10-29		https://civicdb.org/evidence/3787/summary	2026-08-12
BRAF-V600E	somatic	BRAF	p.Val600Glu	CIViC	CIViC EID3827	BRAF V600E	RESISTANCE	ACCEPTED	Colorectal Cancer	C	PREDICTIVE	Panitumumab	20619739	2020-12-02		https://civicdb.org/evidence/3827/summary	2026-08-12
BRAF-V600E	somatic	BRAF	p.Val600Glu	CIViC	CIViC EID5902	BRAF V600E	SENSITIVITYRESPONSE	ACCEPTED	Cholangiocarcinoma	C	PREDICTIVE	Dabrafenib; Trametinib	28480077	2021-05-11		https://civicdb.org/evidence/5902/summary	2026-08-12
BRAF-V600E	somatic	BRAF	p.Val600Glu	CIViC	CIViC EID5903	BRAF V600E	SENSITIVITYRESPONSE	ACCEPTED	Intrahepatic Cholangiocarcinoma	C	PREDICTIVE	Dabrafenib; Trametinib	28078132	2021-05-12		https://civicdb.org/evidence/5903/summary	2026-08-12
BRAF-V600E	somatic	BRAF	p.Val600Glu	CIViC	CIViC EID5904	BRAF V600E	SENSITIVITYRESPONSE	ACCEPTED	Intrahepatic Cholangiocarcinoma	C	PREDICTIVE	Dabrafenib; Trametinib	25435907	2021-05-13		https://civicdb.org/evidence/5904/summary	2026-08-12
BRAF-V600E	somatic	BRAF	p.Val600Glu	CIViC	CIViC EID5906	BRAF V600E	SENSITIVITYRESPONSE	ACCEPTED	Cholangiocarcinoma	C	PREDICTIVE	Vemurafenib; Panitumumab; Irinotecan	26687137	2021-05-14		https://civicdb.org/evidence/5906/summary	2026-08-12
BRAF-V600E	somatic	BRAF	p.Val600Glu	CIViC	CIViC EID5961	BRAF V600E	SENSITIVITYRESPONSE	ACCEPTED	Anaplastic Thyroid Carcinoma	C	PREDICTIVE	Vemurafenib; Pertuzumab	29320312	2020-12-10		https://civicdb.org/evidence/5961/summary	2026-08-12
BRAF-V600E	somatic	BRAF	p.Val600Glu	CIViC	CIViC EID5962	BRAF V600E	SENSITIVITYRESPONSE	ACCEPTED	Laryngeal Squamous Cell Carcinoma	C	PREDICTIVE	Vemurafenib	29320312	2018-02-16		https://civicdb.org/evidence/5962/summary	2026-08-12
BRAF-V600E	somatic	BRAF	p.Val600Glu	CIViC	CIViC EID757	BRAF V600E	SENSITIVITYRESPONSE	ACCEPTED	Melanoma	C	PREDICTIVE	Pictilisib	25370471	2016-02-18		https://civicdb.org/evidence/757/summary	2026-08-12
BRAF-V600E	somatic	BRAF	p.Val600Glu	CIViC	CIViC EID1589	BRAF V600E	SENSITIVITYRESPONSE	ACCEPTED	Colorectal Cancer	C	PREDICTIVE	Vemurafenib; Panitumumab	27325282			https://civicdb.org/evidence/1589/summary	2026-08-12
BRAF-V600E	somatic	BRAF	p.Val600Glu	CIViC	CIViC EID1699	BRAF V600E	SENSITIVITYRESPONSE	ACCEPTED	Multiple Myeloma	C	PREDICTIVE	Vemurafenib	24997557			https://civicdb.org/evidence/1699/summary	2026-08-12
BRAF-V600E	somatic	BRAF	p.Val600Glu	CIViC	CIViC EID1906	BRAF V600E AND GNAS R201C	RESISTANCE	ACCEPTED	Colorectal Cancer	C	PREDICTIVE	Vemurafenib; Cetuximab; Irinotecan	27729313	2025-06-28		https://civicdb.org/evidence/1906/summary	2026-08-12
BRAF-V600E	somatic	BRAF	p.Val600Glu	CIViC	CIViC EID2362	BRAF V600E	POOR_OUTCOME	ACCEPTED	Colorectal Cancer	C	PROGNOSTIC		19903786	2020-07-09		https://civicdb.org/evidence/2362/summary	2026-08-12
BRAF-V600E	somatic	BRAF	p.Val600Glu	CIViC	CIViC EID5960	BRAF V600E	SENSITIVITYRESPONSE	ACCEPTED	Colorectal Cancer	C	PREDICTIVE	Vemurafenib	29320312	2018-02-16		https://civicdb.org/evidence/5960/summary	2026-08-12
BRAF-V600E	somatic	BRAF	p.Val600Glu	CIViC	CIViC EID73	BRAF V600E AND BRAF V600M	SENSITIVITYRESPONSE	ACCEPTED	Melanoma	C	PREDICTIVE	Dabrafenib	23031422	2021-04-14		https://civicdb.org/evidence/73/summary	2026-08-12
BRAF-V600E	somatic	BRAF	p.Val600Glu	CIViC	CIViC EID1905	BRAF V600E AND ARAF S490T	RESISTANCE	ACCEPTED	Colorectal Cancer	C	PREDICTIVE	Vemurafenib; Cetuximab; Irinotecan	27729313	2025-06-28		https://civicdb.org/evidence/1905/summary	2026-08-12
BRAF-V600E	somatic	BRAF	p.Val600Glu	CIViC	CIViC EID6952	BRAF V600E AND EZH2 Y646F	SENSITIVITYRESPONSE	ACCEPTED	Melanoma	D	PREDICTIVE	JQEZ5	27135738	2025-12-08		https://civicdb.org/evidence/6952/summary	2026-08-12
BRAF-V600E	somatic	BRAF	p.Val600Glu	CIViC	CIViC EID86	BRAF V600E	RESISTANCE	ACCEPTED	Melanoma	D	PREDICTIVE	Trametinib; Mirdametinib	24576830	2016-02-18		https://civicdb.org/evidence/86/summary	2026-08-12
BRAF-V600E	somatic	BRAF	p.Val600Glu	CIViC	CIViC EID89	BRAF V600E	SENSITIVITYRESPONSE	ACCEPTED	Colorectal Cancer	D	PREDICTIVE	Sorafenib; Panitumumab	19001320	2017-09-16		https://civicdb.org/evidence/89/summary	2026-08-12
BRAF-V600E	somatic	BRAF	p.Val600Glu	CIViC	CIViC EID90	BRAF V600E AND NF1 Loss	RESISTANCE	ACCEPTED	Melanoma	D	PREDICTIVE	Vemurafenib	24576830	2025-02-25		https://civicdb.org/evidence/90/summary	2026-08-12
BRAF-V600E	somatic	BRAF	p.Val600Glu	CIViC	CIViC EID96	BRAF V600E	SENSITIVITYRESPONSE	ACCEPTED	Colorectal Cancer	D	PREDICTIVE	PLX4720; Pictilisib Bismesylate	23845441	2019-08-22		https://civicdb.org/evidence/96/summary	2026-08-12
BRAF-V600E	somatic	BRAF	p.Val600Glu	CIViC	CIViC EID97	BRAF V600E	SENSITIVITYRESPONSE	ACCEPTED	Melanoma	D	PREDICTIVE	PLX4720; Nutlin-3	23812671	2025-06-11		https://civicdb.org/evidence/97/summary	2026-08-12
BRAF-V600E	somatic	BRAF	p.Val600Glu	CIViC	CIViC EID98	BRAF V600E	SENSITIVITYRESPONSE	ACCEPTED	Colorectal Cancer	D	PREDICTIVE	Capecitabine; Vemurafenib; Bevacizumab	22180495	2020-07-09		https://civicdb.org/evidence/98/summary	2026-08-12
BRAF-V600E	somatic	BRAF	p.Val600Glu	CIViC	CIViC EID1141	BRAF V600E	SENSITIVITYRESPONSE	ACCEPTED	Cancer	D	PREDICTIVE	Cobimetinib	23934108	2016-06-29		https://civicdb.org/evidence/1141/summary	2026-08-12
BRAF-V600E	somatic	BRAF	p.Val600Glu	CIViC	CIViC EID1408	BRAF V600E	SENSITIVITYRESPONSE	ACCEPTED	Colorectal Cancer	D	PREDICTIVE	Vemurafenib; Gefitinib; Cetuximab	22281684	2016-06-27		https://civicdb.org/evidence/1408/summary	2026-08-12
BRAF-V600E	somatic	BRAF	p.Val600Glu	CIViC	CIViC EID1428	BRAF V600E	SENSITIVITYRESPONSE	ACCEPTED	Colorectal Cancer	D	PREDICTIVE	Dactolisib; GDC-0879	23549875			https://civicdb.org/evidence/1428/summary	2026-08-12
BRAF-V600E	somatic	BRAF	p.Val600Glu	CIViC	CIViC EID4783	BRAF V600E AND PIK3R2 N561D	RESISTANCE	ACCEPTED	Melanoma	D	PREDICTIVE	Vemurafenib	24265155	2025-12-29		https://civicdb.org/evidence/4783/summary	2026-08-12
BRAF-V600E	somatic	BRAF	p.Val600Glu	CIViC	CIViC EID8506	BRAF V600E	SENSITIVITYRESPONSE	ACCEPTED	Colorectal Cancer	D	PREDICTIVE	Irinotecan; Cetuximab; Vemurafenib	22180495			https://civicdb.org/evidence/8506/summary	2026-08-12
BRAF-V600E	somatic	BRAF	p.Val600Glu	CIViC	CIViC EID8507	BRAF V600E	SENSITIVITYRESPONSE	ACCEPTED	Colorectal Cancer	D	PREDICTIVE	Vemurafenib; Erlotinib	22180495			https://civicdb.org/evidence/8507/summary	2026-08-12
BRAF-V600E	somatic	BRAF	p.Val600Glu	CIViC	CIViC EID99	BRAF V600E	SENSITIVITYRESPONSE	ACCEPTED	Colorectal Cancer	D	PREDICTIVE	Vemurafenib	22180495	2020-06-18		https://civicdb.org/evidence/99/summary	2026-08-12
BRAF-V600E	somatic	BRAF	p.Val600Glu	CIViC	CIViC EID1005	BRAF V600E	SENSITIVITYRESPONSE	ACCEPTED	Melanoma	D	PREDICTIVE	Dactolisib; Selumetinib	26678033	2019-06-12		https://civicdb.org/evidence/1005/summary	2026-08-12
BRAF-V600E	somatic	BRAF	p.Val600Glu	CIViC	CIViC EID3957	BRAF V600E AND KRAS G12D	RESISTANCE	ACCEPTED	Melanoma	D	PREDICTIVE	Vemurafenib	24265155	2025-12-16		https://civicdb.org/evidence/3957/summary	2026-08-12
BRAF-V600E	somatic	BRAF	p.Val600Glu	CIViC	CIViC EID6275	BRAF V600E AND PIK3CA Overexpression	RESISTANCE	ACCEPTED	Melanoma	D	PREDICTIVE	Vemurafenib	24265155	2025-12-16		https://civicdb.org/evidence/6275/summary	2026-08-12
BRAF-V600E	somatic	BRAF	p.Val600Glu	CIViC	CIViC EID92	BRAF V600E AND BRAF Amplification	RESISTANCE	ACCEPTED	Colorectal Cancer	E	PREDICTIVE	Selumetinib	21098728	2023-01-12		https://civicdb.org/evidence/92/summary	2026-08-12
EGFR-L858R	somatic	EGFR	p.Leu858Arg	CIViC	CIViC EID2994	EGFR L858R	SENSITIVITYRESPONSE	ACCEPTED	Lung Non-small Cell Carcinoma	A	PREDICTIVE	Erlotinib	24868098			https://civicdb.org/evidence/2994/summary	2026-08-12
EGFR-L858R	somatic	EGFR	p.Leu858Arg	CIViC	CIViC EID2997	EGFR L858R	SENSITIVITYRESPONSE	ACCEPTED	Lung Non-small Cell Carcinoma	A	PREDICTIVE	Afatinib	23982599			https://civicdb.org/evidence/2997/summary	2026-08-12
EGFR-L858R	somatic	EGFR	p.Leu858Arg	CIViC	CIViC EID11219	EGFR L858R OR EGFR Exon 19 Deletion	SENSITIVITYRESPONSE	ACCEPTED	Lung Non-small Cell Carcinoma	A	PREDICTIVE	Osimertinib	32955177	2023-05-09		https://civicdb.org/evidence/11219/summary	2026-08-12
EGFR-L858R	somatic	EGFR	p.Leu858Arg	CIViC	CIViC EID11239	EGFR L858R OR EGFR Exon 19 Deletion	SENSITIVITYRESPONSE	ACCEPTED	Lung Non-small Cell Carcinoma	A	PREDICTIVE	Dacomitinib	28958502	2023-05-15		https://civicdb.org/evidence/11239/summary	2026-08-12
EGFR-L858R	somatic	EGFR	p.Leu858Arg	CIViC	CIViC EID11240	EGFR L858R OR EGFR Exon 19 Deletion	SENSITIVITYRESPONSE	ACCEPTED	Lung Non-small Cell Carcinoma	A	PREDICTIVE	Erlotinib; Ramucirumab	31591063	2023-05-15		https://civicdb.org/evidence/11240/summary	2026-08-12
EGFR-L858R	somatic	EGFR	p.Leu858Arg	CIViC	CIViC EID12015	EGFR L858R OR EGFR Exon 19 Deletion	SENSITIVITYRESPONSE	ACCEPTED	Lung Non-small Cell Carcinoma	A	PREDICTIVE	Osimertinib; Chemotherapy	37937763			https://civicdb.org/evidence/12015/summary	2026-08-12
EGFR-L858R	somatic	EGFR	p.Leu858Arg	CIViC	CIViC EID11241	EGFR L858R OR EGFR Exon 19 Deletion	SENSITIVITYRESPONSE	ACCEPTED	Lung Non-small Cell Carcinoma	A	PREDICTIVE	Gefitinib	24263064	2024-02-13		https://civicdb.org/evidence/11241/summary	2026-08-12
EGFR-L858R	somatic	EGFR	p.Leu858Arg	CIViC	CIViC EID11599	EGFR L858R AND EGFR T790M	SENSITIVITYRESPONSE	ACCEPTED	Lung Non-small Cell Carcinoma	A	PREDICTIVE	Osimertinib	27959700	2026-06-04		https://civicdb.org/evidence/11599/summary	2026-08-12
EGFR-L858R	somatic	EGFR	p.Leu858Arg	CIViC	CIViC EID12131	EGFR L858R OR EGFR Exon 19 Deletion	SENSITIVITYRESPONSE	ACCEPTED	Lung Non-small Cell Carcinoma	A	PREDICTIVE	Amivantamab; Lazertinib	38942080	2024-10-28		https://civicdb.org/evidence/12131/summary	2026-08-12
EGFR-L858R	somatic	EGFR	p.Leu858Arg	CIViC	CIViC EID12156	EGFR L858R OR EGFR Exon 19 Deletion	SENSITIVITYRESPONSE	ACCEPTED	Lung Non-small Cell Carcinoma	A	PREDICTIVE	Amivantamab; Carboplatin; Pemetrexed	37879444			https://civicdb.org/evidence/12156/summary	2026-08-12
EGFR-L858R	somatic	EGFR	p.Leu858Arg	CIViC	CIViC EID4860	EGFR L858R	SENSITIVITYRESPONSE	ACCEPTED	Lung Non-small Cell Carcinoma	B	PREDICTIVE	Dacomitinib	26768165	2018-05-23		https://civicdb.org/evidence/4860/summary	2026-08-12
EGFR-L858R	somatic	EGFR	p.Leu858Arg	CIViC	CIViC EID275	EGFR L858R	SENSITIVITYRESPONSE	ACCEPTED	Lung Non-small Cell Carcinoma	B	PREDICTIVE	Gefitinib; Erlotinib	24457318	2016-02-18		https://civicdb.org/evidence/275/summary	2026-08-12
EGFR-L858R	somatic	EGFR	p.Leu858Arg	CIViC	CIViC EID879	EGFR L858R	SENSITIVITYRESPONSE	ACCEPTED	Lung Adenocarcinoma	B	PREDICTIVE	Afatinib	23816960	2016-02-13		https://civicdb.org/evidence/879/summary	2026-08-12
EGFR-L858R	somatic	EGFR	p.Leu858Arg	CIViC	CIViC EID982	EGFR L858R	SENSITIVITYRESPONSE	ACCEPTED	Lung Adenocarcinoma	B	PREDICTIVE	Afatinib	24439929	2016-02-13		https://civicdb.org/evidence/982/summary	2026-08-12
EGFR-L858R	somatic	EGFR	p.Leu858Arg	CIViC	CIViC EID2621	EGFR L858R	SENSITIVITYRESPONSE	ACCEPTED	Lung Non-small Cell Carcinoma	B	PREDICTIVE	Gefitinib	20038723	2017-10-21		https://civicdb.org/evidence/2621/summary	2026-08-12
EGFR-L858R	somatic	EGFR	p.Leu858Arg	CIViC	CIViC EID3791	EGFR L858R OR EGFR Exon 19 Deletion	SENSITIVITYRESPONSE	ACCEPTED	Lung Adenocarcinoma	B	PREDICTIVE	Erlotinib	22285168	2024-02-13		https://civicdb.org/evidence/3791/summary	2026-08-12
EGFR-L858R	somatic	EGFR	p.Leu858Arg	CIViC	CIViC EID4759	EGFR L858R OR EGFR Exon 19 Deletion	SENSITIVITYRESPONSE	ACCEPTED	Lung Non-small Cell Carcinoma	B	PREDICTIVE	Erlotinib; Gefitinib	21531810	2024-02-13		https://civicdb.org/evidence/4759/summary	2026-08-12
EGFR-L858R	somatic	EGFR	p.Leu858Arg	CIViC	CIViC EID229	EGFR L858R	SENSITIVITYRESPONSE	ACCEPTED	Lung Non-small Cell Carcinoma	B	PREDICTIVE	Gefitinib; Erlotinib	24736073	2018-02-24		https://civicdb.org/evidence/229/summary	2026-08-12
EGFR-L858R	somatic	EGFR	p.Leu858Arg	CIViC	CIViC EID347	EGFR L858R	BETTER_OUTCOME	ACCEPTED	Lung Non-small Cell Carcinoma	B	PROGNOSTIC		24662454			https://civicdb.org/evidence/347/summary	2026-08-12
EGFR-L858R	somatic	EGFR	p.Leu858Arg	CIViC	CIViC EID883	EGFR L858R	SENSITIVITYRESPONSE	ACCEPTED	Lung Adenocarcinoma	B	PREDICTIVE	Afatinib	22452895			https://civicdb.org/evidence/883/summary	2026-08-12
EGFR-L858R	somatic	EGFR	p.Leu858Arg	CIViC	CIViC EID885	EGFR L858R	SENSITIVITYRESPONSE	ACCEPTED	Lung Non-small Cell Carcinoma	B	PREDICTIVE	Erlotinib	22285168	2016-02-18		https://civicdb.org/evidence/885/summary	2026-08-12
EGFR-L858R	somatic	EGFR	p.Leu858Arg	CIViC	CIViC EID1665	EGFR L858R	SENSITIVITYRESPONSE	ACCEPTED	Lung Non-small Cell Carcinoma	B	PREDICTIVE	Gefitinib	18509184	2021-04-02		https://civicdb.org/evidence/1665/summary	2026-08-12
EGFR-L858R	somatic	EGFR	p.Leu858Arg	CIViC	CIViC EID2634	EGFR L858R	SENSITIVITYRESPONSE	ACCEPTED	Lung Adenocarcinoma	B	PREDICTIVE	Gefitinib	22370314	2017-06-15		https://civicdb.org/evidence/2634/summary	2026-08-12
EGFR-L858R	somatic	EGFR	p.Leu858Arg	CIViC	CIViC EID4290	EGFR L858R	SENSITIVITYRESPONSE	ACCEPTED	Lung Adenocarcinoma	B	PREDICTIVE	Erlotinib	27032107	2020-08-11		https://civicdb.org/evidence/4290/summary	2026-08-12
EGFR-L858R	somatic	EGFR	p.Leu858Arg	CIViC	CIViC EID6183	EGFR L858R	SENSITIVITYRESPONSE	ACCEPTED	Lung Adenocarcinoma	B	PREDICTIVE	Gefitinib	27022112	2021-02-26		https://civicdb.org/evidence/6183/summary	2026-08-12
EGFR-L858R	somatic	EGFR	p.Leu858Arg	CIViC	CIViC EID2156	EGFR L858R OR EGFR Exon 19 Deletion	SENSITIVITYRESPONSE	ACCEPTED	Lung Non-small Cell Carcinoma	C	PREDICTIVE	Gefitinib	24755888	2024-02-13		https://civicdb.org/evidence/2156/summary	2026-08-12
EGFR-L858R	somatic	EGFR	p.Leu858Arg	CIViC	CIViC EID4288	EGFR L858R	RESISTANCE	ACCEPTED	Lung Non-small Cell Carcinoma	C	PREDICTIVE	Crizotinib	22235099	2025-06-25		https://civicdb.org/evidence/4288/summary	2026-08-12
EGFR-L858R	somatic	EGFR	p.Leu858Arg	CIViC	CIViC EID2632	EGFR L858R	SENSITIVITYRESPONSE	ACCEPTED	Lung Non-small Cell Carcinoma	C	PREDICTIVE	Erlotinib	15329413	2017-09-08		https://civicdb.org/evidence/2632/summary	2026-08-12
EGFR-L858R	somatic	EGFR	p.Leu858Arg	CIViC	CIViC EID2624	EGFR L858R	SENSITIVITYRESPONSE	ACCEPTED	Lung Adenocarcinoma	C	PREDICTIVE	Gefitinib	15329413	2017-09-08		https://civicdb.org/evidence/2624/summary	2026-08-12
EGFR-L858R	somatic	EGFR	p.Leu858Arg	CIViC	CIViC EID276	EGFR L858R	SENSITIVITYRESPONSE	ACCEPTED	Lung Non-small Cell Carcinoma	D	PREDICTIVE	Gefitinib	15118125			https://civicdb.org/evidence/276/summary	2026-08-12
EGFR-L858R	somatic	EGFR	p.Leu858Arg	CIViC	CIViC EID2626	EGFR L858R	SENSITIVITYRESPONSE	ACCEPTED	Lung Non-small Cell Carcinoma	D	PREDICTIVE	Lapatinib	18408761	2020-08-10		https://civicdb.org/evidence/2626/summary	2026-08-12
EGFR-L858R	somatic	EGFR	p.Leu858Arg	CIViC	CIViC EID2627	EGFR L858R	SENSITIVITYRESPONSE	ACCEPTED	Lung Non-small Cell Carcinoma	D	PREDICTIVE	Dacomitinib	18089823	2026-07-02		https://civicdb.org/evidence/2627/summary	2026-08-12
EGFR-L858R	somatic	EGFR	p.Leu858Arg	CIViC	CIViC EID2628	EGFR L858R	SENSITIVITYRESPONSE	ACCEPTED	Lung Non-small Cell Carcinoma	D	PREDICTIVE	Neratinib	16818618	2020-11-23		https://civicdb.org/evidence/2628/summary	2026-08-12
EGFR-L858R	somatic	EGFR	p.Leu858Arg	CIViC	CIViC EID2631	EGFR L858R	SENSITIVITYRESPONSE	ACCEPTED	Lung Non-small Cell Carcinoma	D	PREDICTIVE	Canertinib	18408761	2020-08-10		https://civicdb.org/evidence/2631/summary	2026-08-12
EGFR-L858R	somatic	EGFR	p.Leu858Arg	CIViC	CIViC EID3811	EGFR L858R	SENSITIVITYRESPONSE	ACCEPTED	Cancer	D	PREDICTIVE	Gefitinib; Erlotinib; Multikinase Inhibitor AEE788	19147750	2017-09-16		https://civicdb.org/evidence/3811/summary	2026-08-12
EGFR-L858R	somatic	EGFR	p.Leu858Arg	CIViC	CIViC EID4265	EGFR L858R	SENSITIVITYRESPONSE	ACCEPTED	Lung Non-small Cell Carcinoma	D	PREDICTIVE	Erlotinib	17877814	2026-06-23		https://civicdb.org/evidence/4265/summary	2026-08-12
EGFR-L858R	somatic	EGFR	p.Leu858Arg	CIViC	CIViC EID4286	EGFR L858R	SENSITIVITYRESPONSE	ACCEPTED	Lung Non-small Cell Carcinoma	D	PREDICTIVE	Erlotinib	24353160	2021-02-03		https://civicdb.org/evidence/4286/summary	2026-08-12
EGFR-L858R	somatic	EGFR	p.Leu858Arg	CIViC	CIViC EID4292	EGFR L858R	SENSITIVITYRESPONSE	ACCEPTED	Lung Adenocarcinoma	D	PREDICTIVE	Cetuximab	27102076	2020-11-23		https://civicdb.org/evidence/4292/summary	2026-08-12
EGFR-L858R	somatic	EGFR	p.Leu858Arg	CIViC	CIViC EID4295	EGFR L858R	SENSITIVITYRESPONSE	ACCEPTED	High Grade Glioma	D	PREDICTIVE	Erlotinib	17177598	2020-08-28		https://civicdb.org/evidence/4295/summary	2026-08-12
EGFR-L858R	somatic	EGFR	p.Leu858Arg	CIViC	CIViC EID5922	EGFR L858R	SENSITIVITYRESPONSE	ACCEPTED	Cancer	D	PREDICTIVE	Erlotinib	20942962			https://civicdb.org/evidence/5922/summary	2026-08-12
EGFR-L858R	somatic	EGFR	p.Leu858Arg	CIViC	CIViC EID968	EGFR L858R	SENSITIVITYRESPONSE	ACCEPTED	Lung Non-small Cell Carcinoma	D	PREDICTIVE	Afatinib	26515464			https://civicdb.org/evidence/968/summary	2026-08-12
EGFR-L858R	somatic	EGFR	p.Leu858Arg	CIViC	CIViC EID2629	EGFR L858R	SENSITIVITYRESPONSE	ACCEPTED	Lung Non-small Cell Carcinoma	D	PREDICTIVE	Afatinib	18408761	2018-04-18		https://civicdb.org/evidence/2629/summary	2026-08-12
EGFR-L858R	somatic	EGFR	p.Leu858Arg	CIViC	CIViC EID4284	EGFR L858R	SENSITIVITYRESPONSE	ACCEPTED	Lung Non-small Cell Carcinoma	D	PREDICTIVE	Erlotinib	18408761	2020-08-10		https://civicdb.org/evidence/4284/summary	2026-08-12
EGFR-L858R	somatic	EGFR	p.Leu858Arg	CIViC	CIViC EID4285	EGFR L858R	SENSITIVITYRESPONSE	ACCEPTED	Cancer	D	PREDICTIVE	Erlotinib; Dacomitinib	21132006	2026-05-15		https://civicdb.org/evidence/4285/summary	2026-08-12
EGFR-L858R	somatic	EGFR	p.Leu858Arg	CIViC	CIViC EID4291	EGFR L858R	SENSITIVITYRESPONSE	ACCEPTED	Lung Adenocarcinoma	D	PREDICTIVE	Erlotinib	27102076	2026-05-15		https://civicdb.org/evidence/4291/summary	2026-08-12
EGFR-L858R	somatic	EGFR	p.Leu858Arg	CIViC	CIViC EID4293	EGFR L858R	SENSITIVITYRESPONSE	ACCEPTED	Lung Small Cell Carcinoma	D	PREDICTIVE	Erlotinib	24893891	2020-07-16		https://civicdb.org/evidence/4293/summary	2026-08-12
EGFR-L858R	somatic	EGFR	p.Leu858Arg	CIViC	CIViC EID4294	EGFR L858R	SENSITIVITYRESPONSE	ACCEPTED	Lung Non-small Cell Carcinoma	D	PREDICTIVE	Osimertinib	24893891	2020-07-15		https://civicdb.org/evidence/4294/summary	2026-08-12
EGFR-L858R	somatic	EGFR	p.Leu858Arg	CIViC	CIViC EID4287	EGFR L858R	SENSITIVITYRESPONSE	ACCEPTED	Lung Non-small Cell Carcinoma	D	PREDICTIVE	Erlotinib	27612423	2023-02-01		https://civicdb.org/evidence/4287/summary	2026-08-12
KRAS-G12C	somatic	KRAS	p.Gly12Cys	CIViC	CIViC EID9431	KRAS G12C	SENSITIVITYRESPONSE	ACCEPTED	Lung Non-small Cell Carcinoma	A	PREDICTIVE	Sotorasib	34096690	2023-01-06		https://civicdb.org/evidence/9431/summary	2026-08-12
KRAS-G12C	somatic	KRAS	p.Gly12Cys	CIViC	CIViC EID12063	KRAS G12C	SENSITIVITYRESPONSE	ACCEPTED	Colorectal Cancer	A	PREDICTIVE	Adagrasib; Cetuximab	38587856	2024-08-16		https://civicdb.org/evidence/12063/summary	2026-08-12
KRAS-G12C	somatic	KRAS	p.Gly12Cys	CIViC	CIViC EID12264	KRAS G12C	SENSITIVITYRESPONSE	ACCEPTED	Colorectal Cancer	A	PREDICTIVE	Sotorasib; Panitumumab	37870968			https://civicdb.org/evidence/12264/summary	2026-08-12
KRAS-G12C	somatic	KRAS	p.Gly12Cys	CIViC	CIViC EID11652	KRAS G12C	SENSITIVITYRESPONSE	ACCEPTED	Lung Non-small Cell Carcinoma	B	PREDICTIVE	Divarasib	37611121	2024-01-08		https://civicdb.org/evidence/11652/summary	2026-08-12
KRAS-G12C	somatic	KRAS	p.Gly12Cys	CIViC	CIViC EID1216	KRAS G12C	RESISTANCE	ACCEPTED	Colorectal Cancer	B	PREDICTIVE	Gefitinib; Erlotinib	23313110	2016-10-10		https://civicdb.org/evidence/1216/summary	2026-08-12
KRAS-G12C	somatic	KRAS	p.Gly12Cys	CIViC	CIViC EID1217	KRAS G12C	POOR_OUTCOME	ACCEPTED	Lung Non-small Cell Carcinoma	B	PROGNOSTIC		22247021	2016-04-06		https://civicdb.org/evidence/1217/summary	2026-08-12
KRAS-G12C	somatic	KRAS	p.Gly12Cys	CIViC	CIViC EID3967	KRAS G12C	RESISTANCE	ACCEPTED	Colorectal Cancer	B	PREDICTIVE	Cetuximab; Chemotherapy	20619739	2020-11-25		https://civicdb.org/evidence/3967/summary	2026-08-12
KRAS-G12C	somatic	KRAS	p.Gly12Cys	CIViC	CIViC EID227	KRAS G12C	POSITIVE	ACCEPTED	Lung Cancer	B	DIAGNOSTIC		23014527			https://civicdb.org/evidence/227/summary	2026-08-12
KRAS-G12C	somatic	KRAS	p.Gly12Cys	CIViC	CIViC EID1142	KRAS G12C	SENSITIVITYRESPONSE	ACCEPTED	Lung Non-small Cell Carcinoma	B	PREDICTIVE	Docetaxel; Selumetinib	26125448	2021-01-29		https://civicdb.org/evidence/1142/summary	2026-08-12
KRAS-G12C	somatic	KRAS	p.Gly12Cys	CIViC	CIViC EID2257	KRAS G12C	RESISTANCE	ACCEPTED	Lung Cancer	B	PREDICTIVE	Gefitinib	17409929	2017-04-11		https://civicdb.org/evidence/2257/summary	2026-08-12
KRAS-G12C	somatic	KRAS	p.Gly12Cys	CIViC	CIViC EID2253	KRAS G12C	RESISTANCE	ACCEPTED	Colorectal Cancer	C	PREDICTIVE	Panitumumab	18316791	2024-07-08		https://civicdb.org/evidence/2253/summary	2026-08-12
KRAS-G12C	somatic	KRAS	p.Gly12Cys	CIViC	CIViC EID2262	KRAS G12C	RESISTANCE	ACCEPTED	Multiple Myeloma	D	PREDICTIVE	Melphalan	12483530			https://civicdb.org/evidence/2262/summary	2026-08-12
KRAS-G12C	somatic	KRAS	p.Gly12Cys	CIViC	CIViC EID1173	KRAS G12C	SENSITIVITYRESPONSE	ACCEPTED	Cancer	D	PREDICTIVE	ARS-853; Epidermal Growth Factor Receptor Tyrosine Kinase Inhibitor	26739882	2016-10-10		https://civicdb.org/evidence/1173/summary	2026-08-12
KRAS-G12C	somatic	KRAS	p.Gly12Cys	CIViC	CIViC EID7572	KRAS G12C	SENSITIVITYRESPONSE	ACCEPTED	Solid Tumor	D	PREDICTIVE	Adagrasib	177193			https://civicdb.org/evidence/7572/summary	2026-08-12
KRAS-G12C	somatic	KRAS	p.Gly12Cys	CIViC	CIViC EID2212	KRAS G12C	SENSITIVITYRESPONSE	ACCEPTED	Colorectal Cancer	D	PREDICTIVE	Dactolisib; Selumetinib	22392911	2017-07-21		https://civicdb.org/evidence/2212/summary	2026-08-12
KRAS-G12C	somatic	KRAS	p.Gly12Cys	CIViC	CIViC EID2261	KRAS G12C	RESISTANCE	ACCEPTED	Multiple Myeloma	D	PREDICTIVE	Melphalan	11050000	2017-07-21		https://civicdb.org/evidence/2261/summary	2026-08-12
KRAS-G12C	somatic	KRAS	p.Gly12Cys	CIViC	CIViC EID2263	KRAS G12C	RESISTANCE	ACCEPTED	Multiple Myeloma	D	PREDICTIVE	Melphalan	16497971	2017-07-21		https://civicdb.org/evidence/2263/summary	2026-08-12
KRAS-G12C	somatic	KRAS	p.Gly12Cys	CIViC	CIViC EID3973	KRAS G12C	RESISTANCE	ACCEPTED	Colorectal Cancer	D	PREDICTIVE	Regorafenib Anhydrous	26161928	2020-09-24		https://civicdb.org/evidence/3973/summary	2026-08-12
IDH1-R132H	somatic	IDH1	p.Arg132His	CIViC	CIViC EID11508	IDH1 R132C OR IDH1 R132H OR IDH1 R132L OR IDH1 R132G OR IDH1 R132S	SENSITIVITYRESPONSE	ACCEPTED	Low Grade Glioma	A	PREDICTIVE	Vorasidenib	37272516	2024-10-29		https://civicdb.org/evidence/11508/summary	2026-08-12
IDH1-R132H	somatic	IDH1	p.Arg132His	CIViC	CIViC EID5987	IDH1 R132H	SENSITIVITYRESPONSE	ACCEPTED	Pancreatic Ductal Adenocarcinoma	C	PREDICTIVE	Ivosidenib	27466707			https://civicdb.org/evidence/5987/summary	2026-08-12
IDH1-R132H	somatic	IDH1	p.Arg132His	CIViC	CIViC EID979	IDH1 R132H	SENSITIVITYRESPONSE	ACCEPTED	Oligodendroglioma	D	PREDICTIVE	AGI-5198	23558169	2016-02-07		https://civicdb.org/evidence/979/summary	2026-08-12
IDH1-R132H	somatic	IDH1	p.Arg132His	CIViC	CIViC EID12903	IDH1 R132C OR IDH1 R132H	SENSITIVITYRESPONSE	ACCEPTED	Acute Myeloid Leukemia	D	PREDICTIVE	Ivosidenib	29670690	2026-07-02		https://civicdb.org/evidence/12903/summary	2026-08-12
PIK3CA-H1047R	somatic	PIK3CA	p.His1047Arg	CIViC	CIViC EID7318	PIK3CA H1047R OR PIK3CA H1047Y OR PIK3CA H1047L	SENSITIVITYRESPONSE	ACCEPTED	Breast Cancer	A	PREDICTIVE	Alpelisib; Fulvestrant	31091374	2024-10-21		https://civicdb.org/evidence/7318/summary	2026-08-12
PIK3CA-H1047R	somatic	PIK3CA	p.His1047Arg	CIViC	CIViC EID12533	PIK3CA H1047R OR PIK3CA H1047Y OR PIK3CA H1047L OR PIK3CA H1047D OR PIK3CA H1047I OR PIK3CA H1047N OR PIK3CA H1047P OR PIK3CA H1047Q OR PIK3CA H1047T	SENSITIVITYRESPONSE	ACCEPTED	Breast Cancer	A	PREDICTIVE	Inavolisib; Palbociclib; Fulvestrant	40845250			https://civicdb.org/evidence/12533/summary	2026-08-12
PIK3CA-H1047R	somatic	PIK3CA	p.His1047Arg	CIViC	CIViC EID6191	PIK3CA E542K OR PIK3CA E545K OR PIK3CA H1047R	RESISTANCE	ACCEPTED	Breast Cancer	B	PREDICTIVE	FAC Regimen; FEC Regimen	18371219	2025-05-06		https://civicdb.org/evidence/6191/summary	2026-08-12
PIK3CA-H1047R	somatic	PIK3CA	p.His1047Arg	CIViC	CIViC EID258	PIK3CA H1047R	RESISTANCE	ACCEPTED	Colorectal Cancer	B	PREDICTIVE	Cetuximab; Panitumumab	19223544	2018-11-02		https://civicdb.org/evidence/258/summary	2026-08-12
PIK3CA-H1047R	somatic	PIK3CA	p.His1047Arg	CIViC	CIViC EID2097	PIK3CA H1047R	BETTER_OUTCOME	ACCEPTED	Breast Cancer	B	PROGNOSTIC		19671852	2020-10-28		https://civicdb.org/evidence/2097/summary	2026-08-12
PIK3CA-H1047R	somatic	PIK3CA	p.His1047Arg	CIViC	CIViC EID2100	PIK3CA H1047R	BETTER_OUTCOME	ACCEPTED	Breast Cancer	B	PROGNOSTIC		17202311	2019-08-08		https://civicdb.org/evidence/2100/summary	2026-08-12
PIK3CA-H1047R	somatic	PIK3CA	p.His1047Arg	CIViC	CIViC EID3047	PIK3CA H1047R OR PIK3CA H1047L	POOR_OUTCOME	ACCEPTED	Breast Tubular Carcinoma	B	PROGNOSTIC		28269754	2024-12-05		https://civicdb.org/evidence/3047/summary	2026-08-12
PIK3CA-H1047R	somatic	PIK3CA	p.His1047Arg	CIViC	CIViC EID3841	PIK3CA H1047R	RESISTANCE	ACCEPTED	Colorectal Cancer	C	PREDICTIVE	Cetuximab; Irinotecan	20619739	2020-11-25		https://civicdb.org/evidence/3841/summary	2026-08-12
PIK3CA-H1047R	somatic	PIK3CA	p.His1047Arg	CIViC	CIViC EID388	PIK3CA H1047R	RESISTANCE	ACCEPTED	Colorectal Cancer	C	PREDICTIVE	Cetuximab; Panitumumab	19223544	2018-11-02		https://civicdb.org/evidence/388/summary	2026-08-12
PIK3CA-H1047R	somatic	PIK3CA	p.His1047Arg	CIViC	CIViC EID1623	PIK3CA H1047R	SENSITIVITYRESPONSE	ACCEPTED	HER2 Positive Breast Cancer	C	PREDICTIVE	Everolimus; Fulvestrant	27445490			https://civicdb.org/evidence/1623/summary	2026-08-12
PIK3CA-H1047R	somatic	PIK3CA	p.His1047Arg	CIViC	CIViC EID314	PIK3CA H1047R	SENSITIVITYRESPONSE	ACCEPTED	Breast Cancer	D	PREDICTIVE	Izorlisib	21558396			https://civicdb.org/evidence/314/summary	2026-08-12
PIK3CA-H1047R	somatic	PIK3CA	p.His1047Arg	CIViC	CIViC EID2096	PIK3CA H1047R	SENSITIVITYRESPONSE	ACCEPTED	HER2 Positive Breast Cancer	D	PREDICTIVE	Pictilisib	20453058	2021-02-16		https://civicdb.org/evidence/2096/summary	2026-08-12
PIK3CA-H1047R	somatic	PIK3CA	p.His1047Arg	CIViC	CIViC EID6204	PIK3CA H1047R	RESISTANCE	ACCEPTED	HER2 Positive Breast Cancer	D	PREDICTIVE	Lapatinib; Trastuzumab	19010894	2021-01-28		https://civicdb.org/evidence/6204/summary	2026-08-12
PIK3CA-H1047R	somatic	PIK3CA	p.His1047Arg	CIViC	CIViC EID6206	PIK3CA H1047R	RESISTANCE	ACCEPTED	HER2 Positive Breast Cancer	D	PREDICTIVE	Dactolisib	19010894	2021-01-28		https://civicdb.org/evidence/6206/summary	2026-08-12
PIK3CA-H1047R	somatic	PIK3CA	p.His1047Arg	CIViC	CIViC EID1447	PIK3CA H1047R	SENSITIVITYRESPONSE	ACCEPTED	Lung Adenocarcinoma	D	PREDICTIVE	Dactolisib	19029981	2016-11-05		https://civicdb.org/evidence/1447/summary	2026-08-12
PIK3CA-H1047R	somatic	PIK3CA	p.His1047Arg	CIViC	CIViC EID1505	PIK3CA H1047R	SENSITIVITYRESPONSE	ACCEPTED	HER2 Positive Breast Cancer	D	PREDICTIVE	Capivasertib; Trastuzumab	22294718			https://civicdb.org/evidence/1505/summary	2026-08-12
PIK3CA-H1047R	somatic	PIK3CA	p.His1047Arg	CIViC	CIViC EID1506	PIK3CA H1047R	SENSITIVITYRESPONSE	ACCEPTED	HER2 Positive Breast Cancer	D	PREDICTIVE	Capivasertib; Lapatinib	22294718	2016-11-05		https://civicdb.org/evidence/1506/summary	2026-08-12
PIK3CA-H1047R	somatic	PIK3CA	p.His1047Arg	CIViC	CIViC EID1625	PIK3CA H1047R	SENSITIVITYRESPONSE	ACCEPTED	Thyroid Cancer	D	PREDICTIVE	Perifosine; Temsirolimus	19706758			https://civicdb.org/evidence/1625/summary	2026-08-12
PIK3CA-H1047R	somatic	PIK3CA	p.His1047Arg	CIViC	CIViC EID2103	PIK3CA H1047R	RESISTANCE	ACCEPTED	HER2 Positive Breast Cancer	D	PREDICTIVE	Trastuzumab Emtansine	26920887	2020-07-27		https://civicdb.org/evidence/2103/summary	2026-08-12
PIK3CA-H1047R	somatic	PIK3CA	p.His1047Arg	CIViC	CIViC EID3733	PIK3CA H1047R	RESISTANCE	ACCEPTED	Colorectal Cancer	D	PREDICTIVE	Vemurafenib	22180495	2020-06-18		https://civicdb.org/evidence/3733/summary	2026-08-12
PIK3CA-H1047R	somatic	PIK3CA	p.His1047Arg	CIViC	CIViC EID6202	PIK3CA H1047R	RESISTANCE	ACCEPTED	HER2 Positive Breast Cancer	D	PREDICTIVE	Lapatinib	19010894	2025-06-12		https://civicdb.org/evidence/6202/summary	2026-08-12
PIK3CA-H1047R	somatic	PIK3CA	p.His1047Arg	CIViC	CIViC EID6203	PIK3CA H1047R	RESISTANCE	ACCEPTED	HER2 Positive Breast Cancer	D	PREDICTIVE	Trastuzumab	19010894	2025-12-18		https://civicdb.org/evidence/6203/summary	2026-08-12
PIK3CA-H1047R	somatic	PIK3CA	p.His1047Arg	CIViC	CIViC EID8364	PIK3CA H1047R	SENSITIVITYRESPONSE	ACCEPTED	Colorectal Cancer	D	PREDICTIVE	Vemurafenib; Akt Inhibitor MK2206	22180495	2020-06-18		https://civicdb.org/evidence/8364/summary	2026-08-12
PIK3CA-H1047R	somatic	PIK3CA	p.His1047Arg	CIViC	CIViC EID1362	PIK3CA H1047R	SENSITIVITYRESPONSE	ACCEPTED	Head And Neck Cancer	D	PREDICTIVE	Dactolisib	23619167	2016-06-22		https://civicdb.org/evidence/1362/summary	2026-08-12
PIK3CA-H1047R	somatic	PIK3CA	p.His1047Arg	CIViC	CIViC EID1363	PIK3CA H1047R	SENSITIVITYRESPONSE	ACCEPTED	Head And Neck Cancer	D	PREDICTIVE	Cetuximab; Dactolisib	23619167	2016-06-08		https://civicdb.org/evidence/1363/summary	2026-08-12
PIK3CA-H1047R	somatic	PIK3CA	p.His1047Arg	CIViC	CIViC EID1465	PIK3CA H1047R	SENSITIVITYRESPONSE	ACCEPTED	Head And Neck Squamous Cell Carcinoma	D	PREDICTIVE	Taselisib	26589432			https://civicdb.org/evidence/1465/summary	2026-08-12
PIK3CA-H1047R	somatic	PIK3CA	p.His1047Arg	CIViC	CIViC EID2102	PIK3CA H1047R	SENSITIVITYRESPONSE	ACCEPTED	Breast Cancer	D	PREDICTIVE	Pictilisib	20453058	2017-07-25		https://civicdb.org/evidence/2102/summary	2026-08-12
PIK3CA-H1047R	somatic	PIK3CA	p.His1047Arg	CIViC	CIViC EID8548	PIK3CA H1047R	RESISTANCE	ACCEPTED	HER2 Positive Breast Cancer	D	PREDICTIVE	Trastuzumab	26920887	2020-08-14		https://civicdb.org/evidence/8548/summary	2026-08-12
PIK3CA-H1047R	somatic	PIK3CA	p.His1047Arg	CIViC	CIViC EID1361	PIK3CA H1047R	SENSITIVITYRESPONSE	ACCEPTED	Head And Neck Cancer	D	PREDICTIVE	Dactolisib	25855885	2016-06-22		https://civicdb.org/evidence/1361/summary	2026-08-12
PIK3CA-H1047R	somatic	PIK3CA	p.His1047Arg	CIViC	CIViC EID1401	PIK3CA H1047R	SENSITIVITYRESPONSE	ACCEPTED	Head And Neck Cancer	D	PREDICTIVE	Alpelisib	25550549	2016-06-28		https://civicdb.org/evidence/1401/summary	2026-08-12
